<?xml version="1.0" encoding="utf-8"?>
<NVMProfile>
  <CollectorConfiguration>
    <CollectorIP>CollectorHostName</CollectorIP>
    <Port>4739</Port>
  </CollectorConfiguration>
  <IPFIXInterval>60</IPFIXInterval>
  <AggInterval>5</AggInterval>
  <ThrottleRate>500</ThrottleRate>
  <CollectionMode>trusted</CollectionMode>
  <CollectionCriteria>
    <Broadcast>false</Broadcast>
    <Multicast>false</Multicast>
    <KnoxOnly>false</KnoxOnly>
  </CollectionCriteria>
  <DataCollectionPolicy>
    <Policy>
      <PolicyName>user_anonymized</PolicyName>
      <NetworkType>Vpn</NetworkType>
      <Type>exclude</Type>
      <Fields>LoggedInUser,ProcessUserName</Fields>
    </Policy>
    <Policy>
      <PolicyName>DNS-anonymized</PolicyName>
      <NetworkType>Trusted</NetworkType>
      <Type>exclude</Type>
      <Fields>DNSSuffix</Fields>
    </Policy>
  </DataCollectionPolicy>
  <CacheConfig>
    <MaxSize>50</MaxSize>
    <MaxDuration>1</MaxDuration>
  </CacheConfig>
</NVMProfile>