<?xml version="1.0" encoding="UTF-8"?>
<vpn rev="1.0">
  <file version="4.6.01098" id="VPNCore" is_core="yes" type="exe" action="install">
    <uri>binaries/anyconnect-win-4.6.01098-core-vpn-webdeploy-k9.exe</uri>
    <display-name>AnyConnect Secure Mobility Client</display-name>
  </file>
  <file version="4.6.01098" id="gina" is_core="no" type="exe" action="install" module="vpngina">
    <uri>binaries/anyconnect-win-4.6.01098-gina-webdeploy-k9.exe</uri>
    <display-name>AnyConnect SBL</display-name>
  </file>
  <file version="4.6.01098" id="DART" is_core="no" type="msi" action="install" module="dart">
    <uri>binaries/anyconnect-win-4.6.01098-dart-webdeploy-k9.msi</uri>
    <display-name>AnyConnect DART</display-name>
  </file>
  <file version="4.6.01098" id="NAM" is_core="no" type="msi" action="install" module="nam">
    <uri>binaries/anyconnect-win-4.6.01098-nam-webdeploy-k9.msi</uri>
    <display-name>AnyConnect Network Access Manager</display-name>
  </file>
  <file version="4.6.01098" id="NVM" is_core="no" type="exe" action="install" module="nvm">
    <uri>binaries/anyconnect-win-4.6.01098-nvm-webdeploy-k9.exe</uri>
    <display-name>AnyConnect Network Visibility</display-name>
  </file>
  <file version="4.6.01098" id="WebSecurity" is_core="no" type="exe" action="install" module="websecurity">
    <uri>binaries/anyconnect-win-4.6.01098-websecurity-webdeploy-k9.exe</uri>
    <display-name>AnyConnect Web Security</display-name>
  </file>
  <file version="4.6.01098" id="AMPEnabler" is_core="no" type="exe" action="install" module="ampenabler">
    <uri>binaries/anyconnect-win-4.6.01098-amp-webdeploy-k9.exe</uri>
    <display-name>AnyConnect AMP Enabler</display-name>
  </file>
  <file version="4.6.01098" id="Posture" is_core="no" type="msi" action="install" module="posture">
    <uri>binaries/anyconnect-win-4.6.01098-posture-webdeploy-k9.msi</uri>
    <display-name>AnyConnect Posture</display-name>
  </file>
  <file version="4.6.01098" id="ISEPosture" is_core="no" type="msi" action="install" module="iseposture">
    <uri>binaries/anyconnect-win-4.6.01098-iseposture-webdeploy-k9.msi</uri>
    <display-name>AnyConnect ISE Posture</display-name>
  </file>
  <file version="4.6.01098" id="Umbrella" is_core="no" type="exe" action="install" module="umbrella">
    <uri>binaries/anyconnect-win-4.6.01098-umbrella-webdeploy-k9.exe</uri>
    <display-name>AnyConnect Umbrella Roaming Security</display-name>
  </file>
</vpn>
