<?xml version="1.0" encoding="UTF-8"?>
<WebSecurity xsi:noNamespaceSchemaLocation="WebSecurity.xsd" xmlns:xsi="http://www.w3.org/2001/XMLSchema-instance">
	<SchemaVersion>3.1</SchemaVersion>
	<ConfigurationParameters>
		<kdf_listen_port>5001</kdf_listen_port>
		<ipc_port>5003</ipc_port>
		<connect_timeout>4</connect_timeout>
		<tunnel_type>ssl</tunnel_type>
		<Logging>
			<debug_level>00000107</debug_level>
			<LogFileSize>1000</LogFileSize>
			<NumLogFilesToRetain>10</NumLogFilesToRetain>
			<LogFileRetentionTime>
				<Days>7</Days>
				<Hours>0</Hours>
				<Minutes>0</Minutes>
			</LogFileRetentionTime>
		</Logging>
		<dns_fwd_timeout_ms>3000</dns_fwd_timeout_ms>
		<dns_fwd_fail_ttl_s>300</dns_fwd_fail_ttl_s>
		<dns_rev_timeout_ms>3000</dns_rev_timeout_ms>
		<dns_rev_fail_ttl_s>300</dns_rev_fail_ttl_s>
		<proxy_auth_lic_key></proxy_auth_lic_key>
		<password>websecurity</password>
		<enterprise_domains>*</enterprise_domains>
		<authenticated_user/>
		<authenticated_groups/>
		<host_exceptions>liveupdate.symantecliveupdate.com;windowsupdate.microsoft.com;*.msg.yahoo.com</host_exceptions>
		<proxy_exceptions/>
		<static_exceptions>10.0.0.0/8;127.0.0.0/8;169.254.0.0/16;172.16.0.0/12;192.168.0.0/16;224.0.0.0/4;240.0.0.0/4;80.254.145.118;liveupdate.symantecliveupdate.com;windowsupdate.microsoft.com;*.msg.yahoo.com;*.msftncsi.com</static_exceptions>
		<DetectClosestTower>
			<DetectClosest>0</DetectClosest>
			<TestInterval/>
			<NumberReadings/>
			<DaemonCheckInterval/>
			<InactivityTimeOut/>
			<GUISettings>1</GUISettings>
			<Mode>Manual</Mode>
		</DetectClosestTower>
		<Default>US West Coast</Default>
		<kdf_port_included>80,8080,3128</kdf_port_included>
		<Towers>
			<Tower>
				<DisplayName>UK</DisplayName>
				<Active>true</Active>
				<HostName>80.254.147.251</HostName>
				<PlainPort>8080</PlainPort>
				<SslPort>443</SslPort>
			</Tower>
			<Tower>
				<DisplayName>Germany</DisplayName>
				<Active>true</Active>
				<HostName>80.254.148.194</HostName>
				<PlainPort>8080</PlainPort>
				<SslPort>443</SslPort>
			</Tower>
			<Tower>
				<DisplayName>France</DisplayName>
				<Active>true</Active>
				<HostName>80.254.150.66</HostName>
				<PlainPort>8080</PlainPort>
				<SslPort>443</SslPort>
			</Tower>
			<Tower>
				<DisplayName>Denmark</DisplayName>
				<Active>true</Active>
				<HostName>80.254.154.66</HostName>
				<PlainPort>8080</PlainPort>
				<SslPort>443</SslPort>
			</Tower>
			<Tower>
				<DisplayName>Switzerland</DisplayName>
				<Active>true</Active>
				<HostName>80.254.155.66</HostName>
				<PlainPort>8080</PlainPort>
				<SslPort>443</SslPort>
			</Tower>
			<Tower>
				<DisplayName>South Africa</DisplayName>
				<Active>true</Active>
				<HostName>196.26.220.66</HostName>
				<PlainPort>8080</PlainPort>
				<SslPort>443</SslPort>
			</Tower>
			<Tower>
				<DisplayName>Brazil</DisplayName>
				<Active>true</Active>
				<HostName>201.94.155.66</HostName>
				<PlainPort>8080</PlainPort>
				<SslPort>443</SslPort>
			</Tower>
			<Tower>
				<DisplayName>US West Coast</DisplayName>
				<Active>true</Active>
				<HostName>72.37.244.179</HostName>
				<PlainPort>8080</PlainPort>
				<SslPort>443</SslPort>
			</Tower>
			<Tower>
				<DisplayName>US East Coast</DisplayName>
				<Active>true</Active>
				<HostName>70.39.231.107</HostName>
				<PlainPort>8080</PlainPort>
				<SslPort>443</SslPort>
			</Tower>
			<Tower>
				<DisplayName>US Midwest</DisplayName>
				<Active>true</Active>
				<HostName>69.174.58.107</HostName>
				<PlainPort>8080</PlainPort>
				<SslPort>443</SslPort>
			</Tower>
			<Tower>
				<DisplayName>US South</DisplayName>
				<Active>true</Active>
				<HostName>72.37.249.171</HostName>
				<PlainPort>8080</PlainPort>
				<SslPort>443</SslPort>
			</Tower>
			<Tower>
				<DisplayName>US Southeast</DisplayName>
				<Active>true</Active>
				<HostName>69.174.87.75</HostName>
				<PlainPort>8080</PlainPort>
				<SslPort>443</SslPort>
			</Tower>
			<Tower>
				<DisplayName>Hong Kong</DisplayName>
				<Active>true</Active>
				<HostName>202.167.250.98</HostName>
				<PlainPort>8080</PlainPort>
				<SslPort>443</SslPort>
			</Tower>
			<Tower>
				<DisplayName>India</DisplayName>
				<Active>true</Active>
				<HostName>115.111.223.66</HostName>
				<PlainPort>8080</PlainPort>
				<SslPort>443</SslPort>
			</Tower>
			<Tower>
				<DisplayName>Japan</DisplayName>
				<Active>true</Active>
				<HostName>122.50.127.42</HostName>
				<PlainPort>8080</PlainPort>
				<SslPort>443</SslPort>
			</Tower>
			<Tower>
				<DisplayName>Singapore</DisplayName>
				<Active>true</Active>
				<HostName>202.79.203.66</HostName>
				<PlainPort>8080</PlainPort>
				<SslPort>443</SslPort>
			</Tower>
			<Tower>
				<DisplayName>Australia</DisplayName>
				<Active>true</Active>
				<HostName>202.177.218.66</HostName>
				<PlainPort>8080</PlainPort>
				<SslPort>443</SslPort>
			</Tower>
		</Towers>
		<ConnectionFailure>
			<Policy>FailOpen</Policy>
			<OnCaptivePortal>FailOpen</OnCaptivePortal>
		</ConnectionFailure>
		<TrustedNetworkDetection>
			<Enabled>0</Enabled>
			<TrustedServers/>
		</TrustedNetworkDetection>
		<DisplayTowers></DisplayTowers>
		<max_connections>750</max_connections>
		<min_connections>10</min_connections>
		<pk_modulus>AA6F80DEF54C1FBBBA17C82269C7E0D2076D6BB7384A4C09A498F9019FC8CAA7FC7CEBF8361EDA2604F9D47EAA52C057CFECBB76361939876470671D20E02245</pk_modulus>
		<pk_exponent>10001</pk_exponent>
		<threadpool_enable>1</threadpool_enable>
		<TowerUrl>http://80.254.145.118/websecurity-config-v2ip.xml</TowerUrl>
		<TowerPollFrequency>60</TowerPollFrequency>
		<ActiveTowerDisplayName>US West Coast</ActiveTowerDisplayName>
		<ActiveTowerHostName>72.37.244.179</ActiveTowerHostName>
		<connection_cleanup_interval_ms>3000</connection_cleanup_interval_ms>
		<GroupInclude/>
		<GroupExclude/>
		<auth_user_format>computer_name</auth_user_format>
		<hosted_config>enabled</hosted_config>
		<ForcedGPRefresh>enabled</ForcedGPRefresh>
		<LastUpdateTime></LastUpdateTime>
	</ConfigurationParameters>
</WebSecurity>
