<?xml version="1.0" encoding="UTF-8"?>
<!--
To change this template, choose Tools | Templates
and open the template in the editor.
-->


<cfg
    xmlns:xsi='http://www.w3.org/2001/XMLSchema-instance'
    xmlns='http://www.cisco.com/nac/agent/config-1.0'
    xsi:schemaLocation='http://www.cisco.com/nac/agent/config-1.0 ISEPostureCFG.xsd'>
    <!-- Agent Configuration Parameters -->
    <VlanDetectInterval>0</VlanDetectInterval>
    <EnableVlanDetectWithoutUI>false</EnableVlanDetectWithoutUI>
    <!--<DisableExit mode="merge">false</DisableExit>-->
    <!--<AllowCRLChecks mode="overwrite">true</AllowCRLChecks>-->
    <!--<AccessibilityMode mode="merge">false</AccessibilityMode>-->
    <SignatureCheck>false</SignatureCheck>
    <!--<BypassSummaryScreen mode="merge">true</BypassSummaryScreen>-->
    <ExceptionMACList></ExceptionMACList>
    <DiscoveryHost></DiscoveryHost>
    <!--<DiscoveryHostEditable mode="overwrite">true</DiscoveryHostEditable>-->
    <ServerNameRules></ServerNameRules>
    <GeneratedMAC></GeneratedMAC>
    <!--<Locale>default</Locale>-->
    <PostureReportFilter>displayFailed</PostureReportFilter>
    <!--<LogFileSize>5</LogFileSize>-->
    <RetryDetection>3</RetryDetection>
    <PingArp>0</PingArp>
    <PingMaxTimeout>1</PingMaxTimeout>
    <!--<SwissTimeout>1</SwissTimeout>-->
    <!--<DisableL3SwissDelay mode="merge">false</DisableL3SwissDelay>-->
    <HttpDiscoveryTimeout>30</HttpDiscoveryTimeout>
    <HttpTimeout>120</HttpTimeout>

    <!-- Server Configuration Parameters -->
    <RemediationTimer>4</RemediationTimer>
    <NetworkTransitionDelay>3</NetworkTransitionDelay>
    <!--<EnableAutoClose mode="overwrite" notEndpointXMLConfigurable="">false</EnableAutoClose>-->
    <!-- <AutoCloseTimer>0</AutoCloseTimer> -->
    <EnableAgentIpRefresh notEndpointXMLConfigurable="">false</EnableAgentIpRefresh>
    <DhcpRenewDelay>12</DhcpRenewDelay>
    <DhcpReleaseDelay>1</DhcpReleaseDelay>
    <StealthMode>0</StealthMode>
    <StealthWithNotification>0</StealthWithNotification>
    <EnableRescanButton>0</EnableRescanButton>
    <DisableUAC>0</DisableUAC>
    <CallHomeList></CallHomeList>
    <BackOffTimerLimit>30</BackOffTimerLimit>
    <PeriodicProbing>3</PeriodicProbing>
</cfg>
