<?xml version="1.0" encoding="utf-8"?>
<feed xmlns="http://www.w3.org/2005/Atom" xmlns:update="http://www.cisco.com/cpm/update/1.0">
    <title>AnyConnect Secure Mobility Client</title>
    <updated>2018-05-15T19:53:51Z</updated>
    <id>updateFeed.xml</id>
    <author>
        <name>cisco support</name>
        <email>support@cisco.com</email>
    </author>
    <link rel="self" href="updateFeed.xml" />
    <entry>
        <id>AnyConnectDesktopOSX/4/6/01098</id>
        <title>AnyConnect Secure Mobility Client for OS X 4.6.01098</title>
        <updated>2018-05-15T19:53:51Z</updated>
        <summary>AnyConnect Secure Mobility Client for OS X 4.6.01098</summary>
        <link rel="enclosure" type="application/zip" href="" length="0" />
        <update:type>AnyConnectDesktopOSX</update:type>
        <update:version>4.6.01098</update:version>
        <update:os>MAC_OSX</update:os>
    </entry>
</feed>
